id,url
0,product.hstatic.net/1000160337/product/figure-043407_05_1024x1024.jpg
0,product.hstatic.net/1000160337/product/figure-043407_06_1024x1024.jpg
0,product.hstatic.net/1000160337/product/figure-043407_07_1024x1024.jpg
0,product.hstatic.net/1000160337/product/figure-043407_08_1024x1024.jpg
0,product.hstatic.net/1000160337/product/figure-043407_09_1024x1024.jpg
0,product.hstatic.net/1000160337/product/figure-043407_01_1024x1024.jpg
0,product.hstatic.net/1000160337/product/figure-043407_02_1024x1024.jpg
0,product.hstatic.net/1000160337/product/figure-043407_03_1024x1024.jpg
0,product.hstatic.net/1000160337/product/figure-043407_04_1024x1024.jpg
1,product.hstatic.net/1000160337/product/figure-045086_06_1024x1024.jpg
1,product.hstatic.net/1000160337/product/figure-045086_08_1024x1024.jpg
1,product.hstatic.net/1000160337/product/figure-045086_09_1024x1024.jpg
1,product.hstatic.net/1000160337/product/figure-045086_11_1024x1024.jpg
1,product.hstatic.net/1000160337/product/figure-045086_12_1024x1024.jpg
1,product.hstatic.net/1000160337/product/figure-045086_13_1024x1024.jpg
1,product.hstatic.net/1000160337/product/figure-045086_01_1024x1024.jpg
1,product.hstatic.net/1000160337/product/figure-045086_02_1024x1024.jpg
1,product.hstatic.net/1000160337/product/figure-045086_04_1024x1024.jpg
1,product.hstatic.net/1000160337/product/figure-045086_05_1024x1024.jpg
2,product.hstatic.net/1000160337/product/figure-045085_11_1024x1024.jpg
2,product.hstatic.net/1000160337/product/figure-045085_02_1024x1024.jpg
2,product.hstatic.net/1000160337/product/figure-045085_03_1024x1024.jpg
2,product.hstatic.net/1000160337/product/figure-045085_04_1024x1024.jpg
2,product.hstatic.net/1000160337/product/figure-045085_05_1024x1024.jpg
2,product.hstatic.net/1000160337/product/figure-045085_07_1024x1024.jpg
2,product.hstatic.net/1000160337/product/figure-045085_01_1024x1024.jpg
2,product.hstatic.net/1000160337/product/figure-045085_08_1024x1024.jpg
2,product.hstatic.net/1000160337/product/figure-045085_09_1024x1024.jpg
2,product.hstatic.net/1000160337/product/figure-045085_10_1024x1024.jpg
3,product.hstatic.net/1000160337/product/figure-045080_06_1024x1024.jpg
3,product.hstatic.net/1000160337/product/figure-045080_07_1024x1024.jpg
3,product.hstatic.net/1000160337/product/figure-045080_08_1024x1024.jpg
3,product.hstatic.net/1000160337/product/figure-045080_09_1024x1024.jpg
3,product.hstatic.net/1000160337/product/figure-045080_10_1024x1024.jpg
3,product.hstatic.net/1000160337/product/figure-045080_02_1024x1024.jpg
3,product.hstatic.net/1000160337/product/figure-045080_01_1024x1024.jpg
3,product.hstatic.net/1000160337/product/figure-045080_03_1024x1024.jpg
3,product.hstatic.net/1000160337/product/figure-045080_04_1024x1024.jpg
3,product.hstatic.net/1000160337/product/figure-045080_05_1024x1024.jpg
